"Group","Percentage"
"Top 5",20.9036969420356
"6th-10th",27.2478320401643
"11th-15th",27.1565495207668
"Bottom 5",24.6919214970333
